SK_ID_CURR,NAME_CONTRACT_TYPE,CODE_GENDER,FLAG_OWN_CAR,AMT_INCOME_TOTAL,AMT_CREDIT,AMT_ANNUITY,DAYS_BIRTH,DAYS_EMPLOYED,CNT_CHILDREN,TARGET,total_bureau_credit,total_bureau_debt,n_bureau_records,avg_cc_balance,avg_cc_limit,total_cc_payments,n_cc_records
100000,Cash loans,M,N,71157,481374,15289,-21669,-1411,0,0,28777.0,26498.0,1.0,0.0,0.0,0.0,0.0
100001,Revolving loans,M,Y,84917,466235,26171,-12075,-4415,2,0,154888.0,93191.0,2.0,24323.0,9023.0,2282.0,1.0
100002,Cash loans,M,Y,253810,330783,37905,-9922,-4508,0,0,124181.0,24099.0,1.0,0.0,0.0,0.0,0.0
100003,Cash loans,F,Y,126646,135530,23829,-17538,-114,2,0,151864.0,47997.0,1.0,0.0,0.0,0.0,0.0
100004,Cash loans,M,Y,297552,280983,37054,-19895,-5340,0,0,48066.0,110540.0,1.0,0.0,0.0,0.0,0.0
100005,Revolving loans,M,Y,89379,333707,32734,-22022,-4652,0,0,329624.0,64815.0,2.0,19728.0,40126.0,9185.0,2.0
100006,Cash loans,F,N,55053,482557,10052,-12072,-577,0,0,112215.0,133653.0,1.0,13275.0,43985.0,14925.0,1.0
100007,Cash loans,M,Y,161994,427816,6654,-22161,-4701,1,0,108097.0,144479.0,2.0,11667.0,32877.5,30799.0,2.0
100008,Cash loans,F,N,128723,448992,26486,-21616,-2060,0,0,0.0,0.0,0.0,0.0,0.0,0.0,0.0
100009,Revolving loans,F,N,81356,479660,21743,-14149,-4014,0,0,0.0,0.0,0.0,18657.5,55695.0,9561.0,2.0
100010,Cash loans,M,Y,62154,451927,27489,-14947,-3956,0,0,254903.0,94121.0,2.0,26755.5,30687.0,20355.0,2.0
100011,Cash loans,F,Y,243942,255390,11636,-13952,-2484,2,0,0.0,0.0,0.0,16479.0,48310.0,21688.0,3.0
100012,Cash loans,M,N,294480,395114,9441,-11507,-557,0,0,690604.0,360628.0,5.0,0.0,0.0,0.0,0.0
100013,Cash loans,F,Y,62265,293373,27611,-24315,-4942,2,1,90382.0,126683.0,1.0,0.0,0.0,0.0,0.0
100014,Revolving loans,F,Y,273322,397697,15149,-10861,-5024,0,1,0.0,0.0,0.0,47342.0,44199.0,2693.0,1.0
100015,Cash loans,M,N,204944,211779,37566,-17469,-1423,0,0,107478.0,114938.0,1.0,33315.5,27536.0,12595.0,2.0
100016,Revolving loans,F,N,76197,220182,24675,-20717,-5273,1,0,0.0,0.0,0.0,0.0,0.0,0.0,0.0
100017,Revolving loans,F,Y,184782,242860,8495,-17264,-3473,2,0,197844.0,46743.0,2.0,36951.0,63241.0,16049.0,1.0
100018,Revolving loans,F,N,190558,132879,16673,-17290,-2864,0,0,31081.0,111825.0,1.0,15576.0,10951.5,21924.0,2.0
100019,Cash loans,F,Y,101907,482043,14130,-23381,-873,2,0,115114.0,5495.0,1.0,6038.0,40157.0,11228.0,1.0
100020,Revolving loans,F,Y,232967,288260,25668,-11025,-5658,2,1,0.0,0.0,0.0,0.0,0.0,0.0,0.0
100021,Cash loans,M,Y,262604,448871,18222,-11728,-4553,3,1,132870.0,115267.0,1.0,15958.5,27685.5,13546.0,2.0
100022,Revolving loans,F,N,94772,357003,26669,-12165,-3621,1,0,0.0,0.0,0.0,30699.5,42150.25,33770.0,4.0
100023,Revolving loans,M,N,156108,496841,37068,-18132,-2341,1,0,0.0,0.0,0.0,47409.0,39341.0,7351.0,1.0
100024,Revolving loans,F,N,44382,364242,26253,-9739,-5474,1,0,164682.0,102413.0,1.0,30677.0,56786.0,14901.0,1.0
100025,Revolving loans,M,N,114291,196323,12435,-23569,-4104,3,0,53128.0,80674.0,1.0,37297.0,24689.0,7887.0,1.0
100026,Revolving loans,M,N,164828,172413,31552,-15933,-1246,3,0,105422.0,147717.0,1.0,0.0,0.0,0.0,0.0
100027,Revolving loans,F,Y,177550,312670,19393,-20287,-3927,1,0,512689.0,170125.0,4.0,0.0,0.0,0.0,0.0
100028,Revolving loans,F,Y,262050,380904,13617,-14347,-1085,3,0,240626.0,250650.0,3.0,31707.0,34717.0,11721.0,1.0
100029,Revolving loans,F,Y,160330,97837,12852,-15443,-5595,3,0,0.0,0.0,0.0,0.0,0.0,0.0,0.0
100030,Cash loans,M,Y,101315,310550,34401,-15565,-4427,3,0,173112.0,129626.0,1.0,29317.0,48684.0,12382.0,2.0
100031,Cash loans,F,N,44153,323680,9295,-20002,-93,1,1,319273.0,93873.0,2.0,0.0,0.0,0.0,0.0
100032,Revolving loans,M,Y,106325,78541,38993,-24838,-1400,1,0,0.0,0.0,0.0,25651.0,16136.0,14126.0,1.0
100033,Revolving loans,M,N,270773,129083,37084,-23026,-2260,1,0,0.0,0.0,0.0,30143.0,47304.0,33138.0,2.0
100034,Revolving loans,M,Y,85318,494243,39451,-21709,-1726,3,0,0.0,0.0,0.0,43205.0,56999.0,6302.0,1.0
100035,Cash loans,F,N,106077,84531,10227,-16539,-1773,1,0,47137.0,57692.0,1.0,0.0,0.0,0.0,0.0
100036,Revolving loans,F,N,163515,320856,34910,-24369,-4154,3,0,0.0,0.0,0.0,31555.0,44384.0,5756.0,1.0
100037,Cash loans,M,Y,236988,416245,39041,-24095,-4522,0,0,389760.0,303516.0,3.0,9096.0,77154.0,16121.0,1.0
100038,Cash loans,M,Y,155885,377599,26384,-13337,-3605,3,1,288877.0,133756.0,2.0,10156.5,59066.0,8541.0,2.0
100039,Cash loans,F,Y,47368,124744,3145,-13555,-5229,2,0,207640.0,125774.0,2.0,19465.0,31707.0,13628.0,1.0
100040,Cash loans,M,Y,176400,302859,19035,-22986,-475,1,1,0.0,0.0,0.0,0.0,0.0,0.0,0.0
100041,Cash loans,F,N,218014,179749,6040,-15167,-5422,1,0,90155.0,37420.0,1.0,0.0,0.0,0.0,0.0
100042,Revolving loans,M,Y,121751,317253,29160,-17104,-3099,2,0,111102.0,11826.0,1.0,25039.0,27923.0,5594.0,1.0
100043,Revolving loans,F,Y,260203,361412,20633,-24796,-389,3,0,239216.0,201705.0,2.0,45798.0,24159.0,2939.0,1.0
100044,Revolving loans,M,N,200987,281809,32344,-24419,-5807,0,0,238494.0,211918.0,2.0,47928.0,50482.0,15052.0,1.0
100045,Revolving loans,F,Y,241951,366759,20014,-19325,-3993,2,0,0.0,0.0,0.0,33351.5,33017.0,62023.0,4.0
100046,Revolving loans,M,Y,225716,132503,17996,-15968,-4815,2,0,0.0,0.0,0.0,47734.0,43546.0,6192.0,1.0
100047,Cash loans,F,Y,90279,304346,14695,-10876,-3606,3,0,162934.0,108919.0,2.0,17288.0,59555.0,15611.0,1.0
100048,Revolving loans,F,Y,30126,472975,5852,-19653,-3002,1,1,42394.0,32991.0,1.0,4611.0,78631.0,5565.0,1.0
100049,Revolving loans,M,Y,57632,135708,19014,-15089,-520,3,1,244653.0,161055.0,2.0,0.0,0.0,0.0,0.0
100050,Cash loans,M,N,226382,241184,30042,-11070,-4208,2,1,28065.0,29777.0,1.0,38658.0,69791.0,1480.0,1.0
100051,Revolving loans,F,Y,139945,152471,36755,-22357,-4890,2,0,168991.0,111915.0,1.0,21996.0,13684.5,30421.0,2.0
100052,Cash loans,M,Y,280869,304225,26711,-16983,-1995,1,0,97372.0,104750.0,2.0,7522.0,9482.0,2409.0,1.0
100053,Revolving loans,F,Y,247138,207661,29122,-22703,-3739,1,0,46505.0,84335.0,1.0,21692.0,69373.0,10599.0,1.0
100054,Cash loans,M,Y,205399,211087,12160,-24126,-2264,1,0,176448.0,126743.0,2.0,14915.0,58836.0,10979.0,1.0
100055,Revolving loans,F,Y,164869,210081,30213,-19440,-2207,3,0,565665.0,317503.0,4.0,14969.5,17191.0,30246.0,2.0
100056,Revolving loans,F,N,208954,395453,10421,-9108,-4064,1,0,0.0,0.0,0.0,44111.0,13524.0,17458.0,1.0
100057,Cash loans,F,Y,174790,438590,24400,-10469,-1125,2,0,589200.0,371434.0,4.0,28743.0,19021.0,12563.0,1.0
100058,Cash loans,F,N,64560,243118,36537,-24311,-1643,2,0,311052.0,168273.0,4.0,0.0,0.0,0.0,0.0
100059,Cash loans,F,N,162717,418805,20727,-21000,-5271,0,1,192470.0,65030.0,1.0,0.0,0.0,0.0,0.0
100060,Cash loans,F,Y,208595,207215,7358,-10702,-1622,3,0,351826.0,532110.0,4.0,17636.5,49918.5,29930.0,2.0
100061,Cash loans,M,Y,154085,56154,31482,-9122,-414,0,0,124288.0,176825.0,2.0,6380.0,50420.5,31062.0,2.0
100062,Cash loans,M,Y,130158,202876,35117,-13667,-2549,2,0,175781.0,165749.0,2.0,0.0,0.0,0.0,0.0
100063,Cash loans,M,Y,214245,484904,26164,-10026,-1543,0,1,310044.0,197129.0,3.0,2801.0,38822.0,7933.0,1.0
100064,Cash loans,F,N,198502,114288,34910,-15386,-1464,2,0,140654.0,47779.0,1.0,3688.0,6074.0,9638.0,1.0
100065,Revolving loans,F,Y,172766,101195,35496,-10711,-3860,0,0,0.0,0.0,0.0,3499.0,75765.0,19590.0,1.0
100066,Revolving loans,F,Y,87545,332725,32371,-24329,-4356,1,0,0.0,0.0,0.0,22228.0,41948.0,12118.0,1.0
100067,Cash loans,F,Y,43224,495864,20625,-17073,-3200,0,0,97275.0,190817.0,2.0,0.0,0.0,0.0,0.0
100068,Revolving loans,M,Y,70738,342231,36893,-9438,-1038,1,0,0.0,0.0,0.0,0.0,0.0,0.0,0.0
100069,Revolving loans,M,Y,210760,231002,13793,-23829,-457,1,0,5215.0,39236.0,1.0,148.0,32916.0,13751.0,1.0
100070,Revolving loans,F,Y,269690,214053,34007,-19409,-5859,3,0,79759.0,101749.0,2.0,34743.0,55690.0,414.0,1.0
100071,Revolving loans,M,N,169649,119298,28766,-13082,-590,1,0,276227.0,406295.0,4.0,0.0,0.0,0.0,0.0
100072,Cash loans,M,N,38070,358311,15323,-15865,-4545,1,0,77902.0,57836.0,1.0,4460.0,16179.0,19249.0,1.0
100073,Revolving loans,F,Y,156161,256376,10843,-18658,-29,0,1,121648.0,133067.0,2.0,0.0,0.0,0.0,0.0
100074,Cash loans,M,Y,38666,486624,17210,-23551,-57,2,0,193869.0,130198.0,2.0,37.0,36218.0,15858.0,1.0
100075,Revolving loans,F,Y,167855,89499,19456,-13071,-192,3,0,324157.0,111077.0,2.0,0.0,0.0,0.0,0.0
100076,Revolving loans,M,N,71914,437960,34367,-22461,-1204,1,0,254504.0,31383.0,2.0,30405.333333333332,77796.33333333333,16939.0,3.0
100077,Revolving loans,F,Y,231579,495485,13106,-21041,-907,3,0,0.0,0.0,0.0,0.0,0.0,0.0,0.0
100078,Cash loans,F,N,157738,219631,5472,-11817,-3904,0,0,39474.0,29992.0,1.0,28779.666666666668,28179.333333333332,40274.0,3.0
100079,Revolving loans,F,Y,276965,295198,9704,-18715,-4675,1,0,0.0,0.0,0.0,19250.0,58704.0,14004.0,2.0
100080,Cash loans,F,Y,248967,292997,6713,-19568,-1024,0,0,119010.0,123777.0,1.0,432.0,74110.0,6283.0,1.0
100081,Revolving loans,M,Y,124270,146347,8051,-20740,-4787,3,0,11447.0,4551.0,1.0,31262.0,35285.0,2822.0,1.0
100082,Cash loans,F,Y,296901,360931,13756,-22639,-4841,0,0,197537.0,72361.0,1.0,36729.5,27903.5,28277.0,2.0
100083,Revolving loans,F,N,49097,347632,5475,-18836,-1350,3,0,259239.0,140245.0,2.0,0.0,0.0,0.0,0.0
100084,Cash loans,F,N,171467,386585,39378,-11607,-1501,0,1,0.0,0.0,0.0,17357.0,66451.0,9650.0,1.0
100085,Cash loans,M,Y,177313,255735,7255,-13156,-1013,3,0,195361.0,225966.0,2.0,34345.5,50576.0,29888.0,4.0
100086,Revolving loans,F,Y,188768,72431,17484,-9510,-1303,2,0,0.0,0.0,0.0,0.0,0.0,0.0,0.0
100087,Cash loans,M,N,276726,373825,37503,-21330,-74,0,0,193545.0,10024.0,1.0,38773.0,30595.0,16078.0,1.0
100088,Revolving loans,F,N,76163,244555,11258,-23247,-5660,0,0,125382.0,146692.0,1.0,12780.0,12634.0,11088.0,1.0
100089,Revolving loans,M,N,49816,172720,38196,-16900,-2172,2,0,68656.0,57042.0,1.0,23375.0,69757.0,23883.0,2.0
100090,Revolving loans,M,N,263619,99153,11533,-9681,-4032,2,0,21576.0,96055.0,1.0,31610.0,55909.0,29466.0,2.0
100091,Revolving loans,F,Y,185989,318512,35581,-14456,-5297,0,1,34086.0,73948.0,1.0,25473.0,52861.0,14580.0,3.0
100092,Revolving loans,M,N,126731,470640,8249,-23062,-1587,2,0,67642.0,170475.0,2.0,15278.5,21887.25,48245.0,4.0
100093,Revolving loans,F,Y,182638,424504,22201,-16438,-518,1,0,479519.0,194032.0,4.0,15780.5,69187.0,15030.0,2.0
100094,Revolving loans,F,N,236524,226076,12686,-19024,-3571,3,0,94946.0,149902.0,2.0,0.0,0.0,0.0,0.0
100095,Revolving loans,F,N,92823,269724,35007,-11860,-4200,3,0,288504.0,269975.0,4.0,3943.5,55053.0,19052.0,2.0
100096,Revolving loans,M,N,181878,424899,3661,-12329,-537,3,0,83012.0,138928.0,1.0,0.0,0.0,0.0,0.0
100097,Revolving loans,M,N,236592,106985,33137,-14877,-332,1,0,210520.0,119888.0,2.0,0.0,0.0,0.0,0.0
100098,Revolving loans,F,N,31759,362213,13526,-18412,-1088,2,0,110227.0,39451.0,1.0,37412.0,28572.0,9990.0,1.0
100099,Cash loans,F,Y,287164,364470,6374,-16384,-1352,2,0,0.0,0.0,0.0,24544.0,78551.0,4931.0,1.0
100100,Cash loans,M,Y,163554,158737,28592,-18696,-5145,0,0,136225.0,37500.0,1.0,0.0,0.0,0.0,0.0
100101,Revolving loans,F,N,123501,262133,31982,-17655,-4188,2,0,54156.0,106553.0,1.0,22104.0,46787.0,8328.0,1.0
100102,Revolving loans,F,N,294223,204470,3207,-12084,-3134,0,0,147226.0,86489.0,1.0,16535.333333333332,34560.666666666664,7837.0,3.0
100103,Revolving loans,F,Y,89676,279465,38433,-17125,-2358,1,1,441282.0,258645.0,4.0,2648.0,20588.0,4675.0,1.0
100104,Revolving loans,M,N,247516,100861,26197,-15914,-5818,3,0,53867.0,56022.0,1.0,26754.0,32050.0,7512.0,1.0
100105,Revolving loans,M,N,203532,388041,36400,-18367,-2888,3,1,159368.0,94096.0,2.0,16940.0,50227.0,11948.0,1.0
100106,Revolving loans,M,Y,120397,262977,6083,-9648,-330,3,0,188481.0,112196.0,1.0,0.0,0.0,0.0,0.0
100107,Revolving loans,F,N,102847,177118,32328,-10338,-1508,2,0,0.0,0.0,0.0,26867.0,5209.0,6044.0,1.0
100108,Revolving loans,F,N,123607,380721,23103,-24403,-177,0,0,116001.0,86322.0,1.0,25585.0,37351.5,9103.0,2.0
100109,Cash loans,F,Y,250178,246713,13754,-21938,-4483,0,0,174301.0,287772.0,3.0,0.0,0.0,0.0,0.0
100110,Revolving loans,M,Y,179521,59078,37447,-22664,-998,1,0,174801.0,100417.0,1.0,0.0,0.0,0.0,0.0
100111,Cash loans,F,Y,94077,468219,18901,-12120,-4644,2,0,406560.0,304555.0,3.0,0.0,0.0,0.0,0.0
100112,Revolving loans,F,N,209374,374912,36004,-15121,-3826,1,0,101426.0,39422.0,1.0,27355.6,11181.8,54824.0,5.0
100113,Revolving loans,F,Y,287009,101047,10446,-9068,-2371,0,0,147800.0,86894.0,2.0,4115.5,43129.5,17649.0,2.0
100114,Cash loans,F,Y,167717,383770,32301,-24428,-2372,0,0,146900.0,36674.0,1.0,18974.333333333332,41732.0,29012.0,3.0
100115,Revolving loans,M,Y,68000,369804,29116,-17479,-1904,3,0,329282.0,40285.0,2.0,19239.0,65191.5,25474.0,2.0
100116,Cash loans,M,Y,56737,285458,21752,-18829,-2761,2,1,0.0,0.0,0.0,0.0,0.0,0.0,0.0
100117,Revolving loans,F,Y,216240,493002,35376,-17903,-2309,0,0,8225.0,75020.0,1.0,14082.25,25500.0,56023.0,4.0
100118,Revolving loans,M,Y,82487,445141,19669,-22910,-5982,3,0,280012.0,208144.0,3.0,18158.0,23157.0,4414.0,1.0
100119,Cash loans,M,N,108623,265048,35916,-11008,-2597,2,0,288752.0,245706.0,2.0,20344.0,60659.0,14706.0,1.0
100120,Revolving loans,F,N,213675,286293,16395,-18434,-1321,1,0,0.0,0.0,0.0,38163.333333333336,31630.333333333332,24094.0,3.0
100121,Cash loans,F,Y,243046,167832,23421,-13139,-1449,2,0,0.0,0.0,0.0,4477.0,55613.0,12175.0,1.0
100122,Revolving loans,M,Y,135947,442550,29342,-12536,-2996,2,0,0.0,0.0,0.0,38828.5,56241.0,13813.0,2.0
100123,Cash loans,F,Y,158177,175150,7895,-20376,-4868,0,0,0.0,0.0,0.0,16215.5,27579.5,9683.0,2.0
100124,Cash loans,M,N,246454,207087,14023,-23367,-2661,0,0,172848.0,191098.0,2.0,43242.0,38440.0,17790.0,1.0
100125,Revolving loans,F,N,139575,83320,13699,-11747,-2689,2,0,49755.0,32930.0,1.0,0.0,0.0,0.0,0.0
100126,Revolving loans,M,N,237606,377025,12715,-23483,-2628,0,0,62394.0,165113.0,2.0,6076.5,31230.5,16050.0,2.0
100127,Cash loans,F,N,106218,140827,22169,-12515,-5013,0,1,67740.0,130933.0,2.0,25759.333333333332,51661.666666666664,44005.0,3.0
100128,Revolving loans,M,N,93230,414359,19163,-14151,-2679,0,0,187774.0,46015.0,1.0,22391.0,41135.0,7236.0,1.0
100129,Revolving loans,M,N,275756,469505,8782,-21352,-1385,3,0,52691.0,68653.0,1.0,17810.0,11806.0,493.0,1.0
100130,Revolving loans,M,N,192552,309931,25641,-9823,-1046,3,0,145173.0,168284.0,2.0,9476.0,60244.0,9609.0,1.0
100131,Cash loans,F,N,69986,446605,21792,-11860,-5827,2,0,54294.0,117569.0,1.0,0.0,0.0,0.0,0.0
100132,Cash loans,M,N,185232,468899,38585,-13220,-538,0,1,10269.0,92969.0,1.0,26745.0,31372.0,10426.0,1.0
100133,Cash loans,M,Y,131358,456845,33682,-23463,-2259,3,0,0.0,0.0,0.0,13873.0,41519.0,9916.0,1.0
100134,Cash loans,F,Y,103506,373694,21880,-10643,-2948,2,0,0.0,0.0,0.0,24666.5,43659.0,32279.0,2.0
100135,Cash loans,F,Y,64911,74826,21073,-9529,-5274,0,1,25008.0,123076.0,1.0,27632.0,32757.0,17743.0,1.0
100136,Cash loans,M,Y,236111,150734,39035,-11632,-2240,1,0,314313.0,30512.0,2.0,46359.0,44080.0,11260.0,1.0
100137,Cash loans,M,N,114458,207702,27837,-21863,-194,0,0,238169.0,347948.0,3.0,10973.0,55481.0,2911.0,1.0
100138,Cash loans,F,N,42175,279834,20826,-18015,-4125,0,0,472514.0,72259.0,3.0,38091.0,60184.0,17667.0,1.0
100139,Cash loans,F,Y,151300,227235,27981,-24903,-223,3,0,261238.0,237598.0,2.0,13662.0,28039.0,13767.0,1.0
100140,Revolving loans,F,N,116925,148511,13382,-13593,-1967,2,0,0.0,0.0,0.0,20049.4,39775.2,75211.0,5.0
100141,Cash loans,F,Y,274446,323797,7437,-10809,-557,2,1,115776.0,139681.0,1.0,0.0,0.0,0.0,0.0
100142,Revolving loans,F,N,96358,209033,8435,-12278,-5011,3,1,374055.0,275203.0,3.0,40232.0,9019.0,3185.0,1.0
100143,Revolving loans,M,Y,77057,131941,27819,-12076,-2256,0,0,141873.0,144179.0,1.0,9061.5,19941.0,24310.0,2.0
100144,Revolving loans,F,N,298294,255209,39875,-21250,-3314,1,0,8228.0,31819.0,1.0,11186.5,62294.25,43999.0,4.0
100145,Cash loans,M,N,296569,345806,34982,-13651,-5581,0,0,56796.0,107422.0,1.0,0.0,0.0,0.0,0.0
100146,Cash loans,M,Y,284726,148818,36328,-12125,-5407,0,1,76695.0,105433.0,1.0,0.0,0.0,0.0,0.0
100147,Cash loans,M,N,32198,499662,15329,-16465,-4226,1,0,211290.0,211781.0,2.0,0.0,0.0,0.0,0.0
100148,Cash loans,F,Y,214466,202360,28169,-16826,-3541,3,0,74140.0,217549.0,3.0,16689.0,52954.5,4534.0,2.0
100149,Revolving loans,M,Y,197292,303627,24932,-16897,-5065,2,0,8174.0,66381.0,1.0,33957.0,74002.0,12026.0,1.0
100150,Cash loans,M,Y,174931,145081,37594,-19587,-797,3,0,0.0,0.0,0.0,0.0,0.0,0.0,0.0
100151,Cash loans,F,Y,192491,86877,14421,-10733,-768,3,0,0.0,0.0,0.0,26009.5,48395.0,29874.0,2.0
100152,Cash loans,M,N,290910,423706,10629,-20334,-2192,0,0,126684.0,49570.0,1.0,31090.0,49971.75,64739.0,4.0
100153,Cash loans,M,N,53236,458529,11325,-24390,-5669,2,0,0.0,0.0,0.0,48458.0,34377.0,8774.0,1.0
100154,Cash loans,F,N,117955,261957,31495,-23273,-2551,2,0,241433.0,195742.0,3.0,43508.0,43913.0,19320.0,2.0
100155,Revolving loans,M,Y,246586,122715,34750,-14518,-3298,3,0,473321.0,387645.0,4.0,21152.0,18910.0,22755.0,2.0
100156,Cash loans,M,N,133145,191398,32619,-23146,-1994,1,0,0.0,0.0,0.0,22076.0,43712.0,3897.0,1.0
100157,Revolving loans,M,Y,176430,160091,11264,-14200,-111,3,1,0.0,0.0,0.0,30712.0,42405.0,5435.0,1.0
100158,Cash loans,F,N,260785,182632,15686,-19945,-946,1,0,0.0,0.0,0.0,559.0,38359.0,17168.0,1.0
100159,Revolving loans,F,N,124914,391292,27226,-14729,-2132,2,0,41132.0,77225.0,1.0,5499.0,12399.0,18384.0,1.0
100160,Cash loans,F,N,237990,133186,9721,-10274,-1800,3,0,48258.0,27043.0,1.0,42626.5,56985.5,24189.0,2.0
100161,Cash loans,M,Y,44596,469961,23609,-22676,-5799,0,0,0.0,0.0,0.0,29381.0,68308.0,10588.0,1.0
100162,Revolving loans,M,N,162351,212962,10373,-12181,-3503,3,0,138020.0,114221.0,2.0,12755.0,35020.0,14986.0,1.0
100163,Revolving loans,F,N,224269,201094,31937,-15631,-4158,2,1,72334.0,81171.0,1.0,23469.666666666668,38676.0,49076.0,3.0
100164,Revolving loans,M,Y,168155,435773,8656,-10282,-4134,0,0,31950.0,15366.0,1.0,40113.0,23756.0,13798.0,1.0
100165,Cash loans,M,N,150674,495795,11984,-15717,-4004,0,0,537592.0,336455.0,5.0,5958.0,25047.0,13273.0,1.0
100166,Revolving loans,F,Y,287529,120316,32984,-10811,-615,1,0,40709.0,92906.0,1.0,3992.0,16707.5,36599.0,2.0
100167,Cash loans,F,N,270469,78380,11286,-11829,-5091,0,1,0.0,0.0,0.0,0.0,0.0,0.0,0.0
100168,Cash loans,M,Y,286713,160198,8901,-10451,-1695,0,0,0.0,0.0,0.0,0.0,0.0,0.0,0.0
100169,Revolving loans,M,Y,49063,314500,34552,-19226,-1342,3,0,240531.0,132876.0,2.0,39963.0,36285.0,5154.0,1.0
100170,Revolving loans,M,N,97642,120326,28709,-18481,-2811,2,0,242793.0,183127.0,3.0,38598.0,47299.0,12870.0,1.0
100171,Cash loans,F,Y,120093,404591,34055,-14017,-341,1,0,0.0,0.0,0.0,2620.0,27414.0,19368.0,1.0
100172,Cash loans,F,Y,247215,164994,11429,-10452,-5230,3,0,167947.0,15339.0,1.0,0.0,0.0,0.0,0.0
100173,Revolving loans,F,Y,212992,270971,17716,-10586,-2845,0,1,137341.0,1132.0,1.0,0.0,0.0,0.0,0.0
100174,Revolving loans,F,Y,189601,332193,14138,-23251,-3499,0,0,0.0,0.0,0.0,7939.0,12032.0,9467.0,1.0
100175,Revolving loans,M,Y,65954,417505,38298,-14133,-3286,1,0,246201.0,120086.0,3.0,12948.5,58618.0,9783.0,2.0
100176,Cash loans,F,Y,57856,328226,26429,-10061,-1276,2,0,161418.0,204864.0,2.0,23039.8,53836.6,58765.0,5.0
100177,Cash loans,F,N,32573,312805,8772,-24219,-2415,1,1,188636.0,143041.0,2.0,19544.0,56672.0,16226.0,1.0
100178,Cash loans,F,Y,65367,218484,38732,-17452,-4372,3,0,151702.0,70601.0,1.0,31042.0,74165.0,1249.0,1.0
100179,Cash loans,F,Y,267804,315064,20347,-13760,-203,1,0,135544.0,125689.0,2.0,8288.0,37183.5,20413.0,2.0
100180,Cash loans,F,N,53752,295378,19920,-18177,-5614,0,0,341035.0,83170.0,2.0,18899.5,39522.5,601.0,2.0
100181,Cash loans,M,N,178757,391705,34822,-22895,-2579,3,0,426467.0,398986.0,4.0,38097.0,73945.0,7960.0,1.0
100182,Revolving loans,M,N,146739,321090,26563,-21133,-800,0,0,267490.0,185746.0,2.0,0.0,0.0,0.0,0.0
100183,Cash loans,F,N,268009,275314,10967,-17807,-1992,2,0,648491.0,495827.0,5.0,38140.0,48151.0,18738.0,1.0
100184,Cash loans,M,N,286028,488716,14871,-20024,-1907,0,1,96074.0,59902.0,1.0,31615.0,29399.0,6351.0,1.0
100185,Cash loans,F,N,237980,285612,31763,-12266,-1637,0,0,123422.0,77990.0,1.0,16204.333333333334,41283.0,19886.0,3.0
100186,Revolving loans,F,N,286609,328453,14916,-22887,-3534,1,0,358578.0,458950.0,6.0,9371.0,34048.0,634.0,1.0
100187,Cash loans,M,Y,218456,105230,11734,-19121,-3718,0,0,322228.0,76504.0,2.0,0.0,0.0,0.0,0.0
100188,Cash loans,M,Y,61653,423966,36613,-11435,-4144,3,0,270837.0,199674.0,2.0,4893.0,20732.0,9308.0,1.0
100189,Revolving loans,F,N,187729,473243,31179,-21030,-4002,3,0,417820.0,330749.0,4.0,15644.5,46041.0,30127.0,2.0
100190,Cash loans,F,Y,258504,424484,38262,-14817,-524,2,0,199886.0,234527.0,2.0,38895.0,21655.0,32491.0,2.0
100191,Cash loans,F,Y,151829,109321,15677,-15741,-4764,3,0,148416.0,328908.0,4.0,40770.5,35654.0,29229.0,2.0
100192,Cash loans,M,Y,158377,182028,21268,-17736,-1331,1,0,99598.0,105723.0,1.0,14650.5,43656.0,34258.0,2.0
100193,Cash loans,F,N,31622,281447,15330,-23423,-1856,2,0,0.0,0.0,0.0,23981.5,49007.5,36201.0,2.0
100194,Cash loans,F,N,78756,386275,23733,-15797,-4850,3,0,106503.0,96952.0,1.0,12508.5,52482.5,33139.0,2.0
100195,Revolving loans,F,Y,70809,491124,30286,-22726,-1682,1,0,49387.0,69351.0,1.0,35661.0,35182.0,15444.0,2.0
100196,Revolving loans,M,N,46725,338107,9610,-20131,-4569,3,0,219746.0,118583.0,2.0,36558.0,38545.0,1883.0,1.0
100197,Revolving loans,F,Y,222468,151757,9430,-9986,-376,3,0,0.0,0.0,0.0,0.0,0.0,0.0,0.0
100198,Cash loans,F,Y,81226,482659,16828,-9205,-4181,0,0,0.0,0.0,0.0,0.0,0.0,0.0,0.0
100199,Cash loans,M,Y,111182,411403,34497,-14994,-3676,3,0,204594.0,122283.0,2.0,13528.0,42763.0,5370.0,1.0
100200,Cash loans,F,Y,59402,351207,39618,-18256,-443,3,0,141389.0,315804.0,3.0,48356.0,64155.0,1525.0,1.0
100201,Revolving loans,F,N,34263,426369,29526,-22574,-4870,1,0,24222.0,124336.0,1.0,10527.5,32605.0,25325.0,2.0
100202,Cash loans,M,N,257595,428544,33158,-11511,-223,1,0,9011.0,36307.0,1.0,31752.5,44849.5,15306.0,2.0
100203,Cash loans,F,N,207900,392962,28032,-19454,-3342,0,0,23412.0,154978.0,2.0,29196.0,72469.5,22021.0,2.0
100204,Revolving loans,M,Y,77924,316847,32794,-18148,-2500,3,1,149821.0,10737.0,1.0,29012.0,30256.0,19880.0,2.0
100205,Cash loans,M,N,254137,246200,8448,-12406,-5626,0,0,5882.0,20002.0,1.0,17076.5,30634.5,8784.0,2.0
100206,Revolving loans,F,Y,190445,122099,31861,-11934,-3880,3,0,515106.0,407504.0,5.0,0.0,0.0,0.0,0.0
100207,Revolving loans,F,N,197469,469065,31141,-22449,-1980,2,0,288625.0,562682.0,5.0,14648.0,51707.0,73.0,1.0
100208,Revolving loans,F,Y,131371,212932,12074,-18589,-3979,2,0,351928.0,293026.0,3.0,11600.0,60107.0,18099.0,1.0
100209,Cash loans,F,Y,68709,81585,9406,-13151,-2295,0,0,276838.0,152483.0,3.0,4018.0,67694.0,6629.0,1.0
100210,Cash loans,M,Y,222192,465231,34823,-24993,-851,0,0,384745.0,318403.0,3.0,0.0,0.0,0.0,0.0
100211,Cash loans,F,N,180322,93585,26291,-16913,-2741,0,0,25056.0,120871.0,1.0,21702.0,14340.0,8720.0,1.0
100212,Cash loans,M,N,51172,339102,35003,-22445,-2565,1,0,267442.0,254871.0,2.0,12411.0,9576.0,14633.0,1.0
100213,Cash loans,F,N,41555,338161,37406,-24525,-4111,1,0,50540.0,42956.0,2.0,0.0,0.0,0.0,0.0
100214,Cash loans,F,N,83276,436821,26312,-19584,-4177,1,0,305854.0,103021.0,2.0,0.0,0.0,0.0,0.0
100215,Cash loans,F,Y,87492,488566,4382,-14597,-4526,0,1,155457.0,123711.0,1.0,36214.5,68543.0,20515.0,2.0
100216,Revolving loans,M,N,214074,455417,37171,-16324,-3758,3,0,10583.0,23956.0,1.0,21823.0,15073.0,7942.0,1.0
100217,Cash loans,F,N,286010,341570,6292,-9044,-725,2,0,404868.0,181198.0,3.0,30572.5,77922.0,20273.0,2.0
100218,Revolving loans,F,Y,252320,329922,36187,-17761,-2757,0,0,206940.0,198628.0,2.0,45382.0,10539.0,19871.0,1.0
100219,Cash loans,F,Y,41046,226313,15411,-18290,-840,1,1,257179.0,237038.0,2.0,47634.5,52963.0,10352.0,2.0
100220,Cash loans,F,Y,258071,92229,18422,-20000,-2866,1,0,122262.0,229438.0,2.0,26999.0,14777.0,10057.0,1.0
100221,Cash loans,M,N,214374,136652,35371,-20346,-3930,0,0,735898.0,269214.0,5.0,0.0,0.0,0.0,0.0
100222,Revolving loans,F,Y,296997,440411,8693,-16922,-5641,0,0,496950.0,109876.0,3.0,47514.0,17419.0,16409.0,1.0
100223,Revolving loans,M,Y,150900,299474,36535,-18937,-3959,1,0,158391.0,239131.0,2.0,30408.0,42118.5,29235.0,2.0
100224,Revolving loans,M,Y,89129,229436,17818,-22715,-4859,3,0,0.0,0.0,0.0,24809.666666666668,38326.0,2611.0,3.0
100225,Revolving loans,M,N,267091,438647,34238,-19777,-4365,1,0,210380.0,63676.0,2.0,18862.5,36696.0,15323.0,2.0
100226,Cash loans,M,Y,235550,310116,33874,-11479,-501,1,0,312330.0,252814.0,3.0,12598.0,25637.0,7644.0,1.0
100227,Revolving loans,M,N,274883,397022,29715,-10111,-2000,0,0,187100.0,61991.0,1.0,41356.333333333336,40622.666666666664,32820.0,3.0
100228,Cash loans,M,N,144130,369200,30605,-18029,-4057,3,0,347034.0,150602.0,2.0,30201.0,42890.0,28173.0,3.0
100229,Cash loans,F,Y,176922,470706,37317,-12245,-1226,1,0,221725.0,76935.0,2.0,11173.0,66394.0,14440.0,1.0
100230,Revolving loans,M,Y,151789,69975,34174,-21475,-2639,1,0,9136.0,40522.0,1.0,909.0,8770.0,2722.0,1.0
100231,Revolving loans,M,N,185130,207795,12956,-13469,-3020,2,0,100384.0,92206.0,2.0,18244.333333333332,35351.333333333336,22633.0,3.0
100232,Revolving loans,M,Y,206492,466495,13837,-10279,-5994,0,0,52801.0,42968.0,1.0,29716.5,69026.0,25428.0,2.0
100233,Revolving loans,F,Y,68890,259373,6716,-22178,-2733,2,1,60739.0,98943.0,1.0,1597.0,38979.0,11556.0,1.0
100234,Revolving loans,F,N,96017,454777,7481,-20057,-4409,2,0,341201.0,183502.0,2.0,256.0,7837.0,3970.0,1.0
100235,Revolving loans,M,N,208376,247133,27282,-18470,-1072,1,0,56272.0,96058.0,1.0,6533.0,38927.0,12696.0,1.0
100236,Revolving loans,F,Y,193993,400541,9548,-13884,-2736,0,0,476332.0,87499.0,3.0,24970.5,23648.0,19544.0,2.0
100237,Revolving loans,M,N,162596,230225,10758,-24742,-3394,3,1,244116.0,260496.0,3.0,12052.0,45506.5,24899.0,2.0
100238,Cash loans,M,Y,130424,345286,26177,-24718,-2781,1,0,226637.0,231860.0,3.0,35900.5,41159.5,22862.0,2.0
100239,Revolving loans,F,Y,198976,339060,27022,-11063,-94,3,0,0.0,0.0,0.0,20580.0,53655.75,43533.0,4.0
100240,Revolving loans,M,Y,64008,114324,8542,-23102,-2727,3,0,0.0,0.0,0.0,0.0,0.0,0.0,0.0
100241,Cash loans,F,N,235738,226037,28476,-20865,-5087,0,0,54699.0,114161.0,1.0,15234.0,72507.0,11894.0,1.0
100242,Revolving loans,F,Y,113559,438076,33784,-18371,-3989,2,0,0.0,0.0,0.0,0.0,0.0,0.0,0.0
100243,Cash loans,M,Y,85337,185720,25740,-13832,-4558,0,0,26672.0,37755.0,1.0,5829.0,7597.0,12380.0,1.0
100244,Cash loans,M,Y,54354,216205,27817,-14541,-454,3,0,183734.0,8417.0,1.0,0.0,0.0,0.0,0.0
100245,Revolving loans,F,N,75186,493893,19052,-21800,-2946,1,1,280688.0,213371.0,3.0,6083.0,28212.0,15367.0,1.0
100246,Cash loans,M,N,58145,146059,38153,-19890,-402,3,0,132187.0,212968.0,3.0,0.0,0.0,0.0,0.0
100247,Cash loans,M,N,116123,148317,3671,-17833,-2454,1,0,0.0,0.0,0.0,10435.0,40790.0,8953.0,1.0
100248,Cash loans,M,N,236258,251207,3163,-9121,-1779,1,0,73367.0,122863.0,1.0,21602.5,63223.0,21509.0,2.0
100249,Cash loans,F,N,246541,347190,7795,-24388,-1088,0,0,219009.0,164898.0,2.0,0.0,0.0,0.0,0.0
100250,Revolving loans,F,Y,50581,490280,13634,-9737,-3072,3,0,159417.0,9589.0,1.0,0.0,0.0,0.0,0.0
100251,Cash loans,M,N,118929,151459,7798,-10797,-4171,2,0,92892.0,89787.0,1.0,0.0,0.0,0.0,0.0
100252,Revolving loans,F,N,81474,287697,25420,-24313,-5425,3,0,61754.0,1407.0,1.0,24531.0,29852.5,25664.0,2.0
100253,Cash loans,F,N,121748,250422,32300,-21310,-489,3,1,123206.0,41256.0,1.0,13895.0,57234.0,17669.0,1.0
100254,Cash loans,F,Y,155995,358037,27345,-16196,-5071,2,1,208267.0,95879.0,2.0,0.0,0.0,0.0,0.0
100255,Cash loans,F,N,275690,151520,13749,-22693,-2241,0,0,601028.0,355677.0,4.0,0.0,0.0,0.0,0.0
100256,Cash loans,F,N,299104,437962,28121,-17867,-2301,3,0,134553.0,33132.0,1.0,0.0,0.0,0.0,0.0
100257,Revolving loans,M,Y,210553,111272,31411,-13795,-4537,3,1,51032.0,30270.0,1.0,0.0,0.0,0.0,0.0
100258,Revolving loans,M,N,66408,273224,36361,-18491,-2725,1,0,0.0,0.0,0.0,0.0,0.0,0.0,0.0
100259,Cash loans,M,Y,289568,379793,24223,-15027,-1072,3,1,10529.0,137202.0,1.0,7838.0,44218.0,9919.0,1.0
100260,Cash loans,F,Y,181563,376818,10394,-19094,-4946,2,0,0.0,0.0,0.0,0.0,0.0,0.0,0.0
100261,Revolving loans,F,Y,162413,194832,17056,-22409,-256,1,0,0.0,0.0,0.0,30923.666666666668,44057.333333333336,36719.0,3.0
100262,Cash loans,M,Y,205695,202999,31380,-14112,-4100,0,0,0.0,0.0,0.0,0.0,0.0,0.0,0.0
100263,Cash loans,F,Y,120327,398619,29035,-11165,-4543,1,0,282403.0,373695.0,3.0,0.0,0.0,0.0,0.0
100264,Cash loans,M,N,232503,111367,33620,-10782,-4601,2,0,363147.0,193148.0,3.0,0.0,0.0,0.0,0.0
100265,Revolving loans,M,Y,173326,279027,22877,-9851,-2585,2,0,175851.0,76478.0,1.0,15659.0,59079.0,2886.0,1.0
100266,Revolving loans,M,Y,212932,455804,33911,-12850,-5558,1,0,46984.0,57104.0,1.0,19797.0,38617.0,17920.0,1.0
100267,Revolving loans,F,N,41344,433894,35784,-17817,-2350,0,0,363897.0,296000.0,4.0,20061.0,9695.0,7637.0,1.0
100268,Cash loans,F,Y,97957,282750,6191,-19752,-1348,1,0,638697.0,570858.0,6.0,0.0,0.0,0.0,0.0
100269,Cash loans,M,N,135423,285806,36160,-16234,-4822,0,1,65038.0,12963.0,1.0,35976.0,27452.0,11311.0,2.0
100270,Revolving loans,M,N,176968,430298,28000,-9532,-1542,1,0,246362.0,234551.0,3.0,0.0,0.0,0.0,0.0
100271,Revolving loans,M,N,216833,233305,6631,-14898,-4743,2,0,108986.0,95419.0,1.0,24774.5,32366.5,9318.0,2.0
100272,Revolving loans,M,Y,223624,94738,9172,-19892,-2366,3,0,343718.0,227915.0,4.0,16679.0,60186.0,5392.0,1.0
100273,Revolving loans,F,Y,281147,83397,26561,-21396,-4159,3,0,0.0,0.0,0.0,0.0,0.0,0.0,0.0
100274,Cash loans,F,Y,107454,394333,27817,-24331,-3691,0,1,0.0,0.0,0.0,30332.666666666668,37748.333333333336,17731.0,3.0
100275,Revolving loans,M,N,287594,388511,23281,-20636,-54,0,0,545899.0,279277.0,5.0,17248.0,49293.666666666664,30131.0,3.0
100276,Cash loans,M,Y,67641,252332,31671,-17671,-5090,0,0,132915.0,98592.0,2.0,24312.0,74487.0,6929.0,1.0
100277,Revolving loans,F,Y,59711,432729,28364,-23717,-1660,2,0,385721.0,172836.0,3.0,9795.0,58969.0,1389.0,1.0
100278,Cash loans,F,Y,173254,388763,30425,-24077,-1363,1,0,335589.0,148377.0,3.0,7378.0,66707.0,11058.0,1.0
100279,Revolving loans,M,N,117833,161453,31602,-23875,-1991,2,0,0.0,0.0,0.0,40200.0,45983.0,16295.0,1.0
100280,Revolving loans,M,N,74813,69816,26253,-23471,-3831,3,1,5534.0,107648.0,1.0,0.0,0.0,0.0,0.0
100281,Revolving loans,M,Y,198270,485456,26472,-10954,-3828,0,0,143925.0,33785.0,1.0,0.0,0.0,0.0,0.0
100282,Revolving loans,F,Y,169892,449492,11080,-15214,-332,1,0,0.0,0.0,0.0,0.0,0.0,0.0,0.0
100283,Cash loans,F,Y,234615,295011,10099,-16562,-5877,3,0,178542.0,135958.0,1.0,39098.0,67576.0,11.0,1.0
100284,Revolving loans,F,Y,71786,391674,28431,-21289,-2842,3,0,0.0,0.0,0.0,0.0,0.0,0.0,0.0
100285,Cash loans,M,N,256006,466715,34186,-16996,-173,3,0,166149.0,21602.0,1.0,4618.5,53283.0,33957.0,2.0
100286,Cash loans,M,N,260876,421000,33111,-15248,-5215,2,0,541442.0,304835.0,4.0,27241.5,48604.0,24753.0,2.0
100287,Cash loans,F,N,67265,263567,25614,-18726,-3584,0,0,321499.0,181912.0,3.0,0.0,0.0,0.0,0.0
100288,Cash loans,F,N,279321,121635,29724,-14408,-5204,3,0,0.0,0.0,0.0,11451.666666666666,63292.0,38387.0,3.0
100289,Revolving loans,M,Y,96150,419947,7940,-14565,-1828,0,0,58364.0,68369.0,1.0,25512.5,36437.0,14456.0,2.0
100290,Cash loans,F,Y,117312,266184,31758,-21136,-1846,2,0,204763.0,231634.0,2.0,47537.0,19318.0,660.0,1.0
100291,Cash loans,F,Y,119613,348090,39224,-14869,-381,3,0,158137.0,225781.0,2.0,34675.0,62275.0,13801.0,1.0
100292,Cash loans,M,N,151826,367348,10788,-11783,-4064,2,0,393805.0,261193.0,4.0,16795.75,26239.25,59987.0,4.0
100293,Revolving loans,F,Y,65435,232958,31082,-17167,-3844,2,1,142521.0,77527.0,1.0,0.0,0.0,0.0,0.0
100294,Revolving loans,M,N,240017,327707,27034,-9259,-2193,0,0,128940.0,227914.0,2.0,7523.0,36541.0,16504.0,1.0
100295,Revolving loans,M,N,164055,142324,38479,-13739,-4699,3,0,400958.0,483492.0,5.0,40138.0,79034.0,16991.0,1.0
100296,Revolving loans,M,Y,181734,273536,14280,-18212,-1837,2,0,0.0,0.0,0.0,44674.0,62645.0,15616.0,1.0
100297,Cash loans,M,Y,239259,282944,21052,-24774,-2860,3,0,167448.0,113034.0,1.0,30615.0,64884.0,11528.0,1.0
100298,Cash loans,M,Y,202070,321991,19531,-9964,-2764,0,0,350560.0,200536.0,3.0,20732.0,42271.0,3044.0,1.0
100299,Revolving loans,M,N,124071,76155,25804,-13261,-3648,2,0,128800.0,112698.0,1.0,3873.0,43165.0,5113.0,1.0
100300,Cash loans,M,Y,298784,391815,31903,-9164,-4068,0,0,0.0,0.0,0.0,0.0,0.0,0.0,0.0
100301,Cash loans,F,N,176389,166891,13142,-24736,-3279,3,0,115119.0,91939.0,2.0,43005.0,28147.0,12420.0,1.0
100302,Cash loans,M,Y,145608,395454,12866,-15413,-5636,3,0,0.0,0.0,0.0,19317.0,49518.0,6680.0,1.0
100303,Revolving loans,M,N,299708,199381,7531,-13251,-1084,0,0,230109.0,216180.0,2.0,0.0,0.0,0.0,0.0
100304,Revolving loans,F,N,188417,181691,31138,-11255,-502,1,0,120819.0,99189.0,1.0,0.0,0.0,0.0,0.0
100305,Cash loans,F,Y,143824,493324,30065,-24355,-3610,2,0,0.0,0.0,0.0,0.0,0.0,0.0,0.0
100306,Revolving loans,F,N,284444,84707,32956,-10454,-5054,3,1,0.0,0.0,0.0,0.0,0.0,0.0,0.0
100307,Revolving loans,M,N,109273,463553,13759,-9069,-327,3,0,303529.0,273914.0,3.0,35758.0,34669.0,14547.0,1.0
100308,Revolving loans,F,Y,241837,393681,8439,-17456,-4623,2,0,66868.0,99397.0,1.0,20284.0,66821.0,11019.0,1.0
100309,Revolving loans,M,N,140017,247576,31270,-11294,-4561,0,0,305238.0,124643.0,2.0,32872.0,39263.0,3395.0,1.0
100310,Revolving loans,M,Y,153618,228686,16279,-19431,-2820,0,1,0.0,0.0,0.0,23581.5,60259.0,29638.0,2.0
100311,Cash loans,M,N,155341,272500,26888,-22010,-1143,0,0,0.0,0.0,0.0,38709.0,75098.0,22706.0,2.0
100312,Revolving loans,M,Y,236604,403299,20630,-11325,-5660,1,0,382115.0,346706.0,4.0,17094.333333333332,21598.666666666668,46115.0,3.0
100313,Cash loans,F,Y,57788,312425,38144,-14909,-3011,1,0,240691.0,125612.0,2.0,20140.0,47722.0,18563.0,1.0
100314,Cash loans,F,N,256577,208492,34182,-22496,-5618,3,0,293491.0,300197.0,3.0,21886.5,61461.5,21830.0,2.0
100315,Revolving loans,M,N,69974,220102,28538,-14036,-901,0,0,50213.0,234112.0,2.0,2580.0,73259.0,2599.0,1.0
100316,Cash loans,M,N,46371,444274,14824,-11463,-4444,2,0,0.0,0.0,0.0,0.0,0.0,0.0,0.0
100317,Cash loans,M,N,212256,267285,35125,-11731,-5701,3,0,360363.0,368176.0,5.0,27624.0,52878.333333333336,37598.0,3.0
100318,Cash loans,F,N,103972,388404,9979,-15654,-5862,2,0,162399.0,60726.0,1.0,20125.0,33834.0,14882.0,1.0
100319,Revolving loans,M,Y,223259,209476,29189,-24413,-5642,3,1,0.0,0.0,0.0,7928.0,22165.0,7641.0,1.0
100320,Revolving loans,M,N,115431,284554,15504,-12237,-1069,1,0,139261.0,91835.0,2.0,31568.0,49512.0,5037.0,1.0
100321,Cash loans,F,Y,135373,210928,23669,-14987,-4478,3,0,69747.0,188165.0,2.0,0.0,0.0,0.0,0.0
100322,Revolving loans,F,Y,211144,190272,9910,-15823,-2544,1,0,0.0,0.0,0.0,31493.0,60968.5,5594.0,2.0
100323,Revolving loans,M,N,280195,376322,37964,-20921,-4373,3,0,0.0,0.0,0.0,6786.0,27551.0,4570.0,1.0
100324,Revolving loans,F,Y,173748,346141,23131,-21652,-4697,0,1,26584.0,148778.0,1.0,0.0,0.0,0.0,0.0
100325,Revolving loans,F,Y,62733,468827,28227,-18701,-996,2,0,94813.0,15504.0,1.0,27028.0,52425.333333333336,34040.0,3.0
100326,Cash loans,M,Y,246752,169273,8978,-21169,-4866,0,0,139635.0,146820.0,2.0,19322.666666666668,31148.666666666668,45386.0,3.0
100327,Cash loans,F,Y,32050,222307,24991,-15567,-3814,3,0,90402.0,196589.0,2.0,0.0,0.0,0.0,0.0
100328,Revolving loans,M,N,139996,298500,20153,-16619,-909,3,0,0.0,0.0,0.0,18890.0,71615.0,17535.0,1.0
100329,Revolving loans,F,Y,63933,216129,36548,-11272,-2830,3,0,0.0,0.0,0.0,9341.0,64136.0,5044.0,1.0
100330,Cash loans,M,N,54951,182311,6983,-15828,-2165,1,0,173431.0,188383.0,2.0,35423.25,27206.75,32892.0,4.0
100331,Cash loans,M,N,62413,284746,12503,-15110,-3849,2,0,277159.0,57360.0,2.0,36949.0,52190.0,9925.0,2.0
100332,Revolving loans,M,Y,195873,295546,32921,-23285,-4763,2,0,107327.0,149853.0,2.0,27903.0,37882.75,42446.0,4.0
100333,Cash loans,F,N,216691,246733,19905,-14215,-120,3,0,0.0,0.0,0.0,22667.5,66912.0,31489.0,2.0
100334,Revolving loans,M,N,218847,176945,26953,-12672,-2265,3,1,0.0,0.0,0.0,0.0,0.0,0.0,0.0
100335,Revolving loans,F,N,251888,95272,29806,-18550,-3166,1,0,58639.0,18646.0,1.0,0.0,0.0,0.0,0.0
100336,Cash loans,M,Y,291044,401537,25168,-11770,-1740,0,0,529371.0,365064.0,4.0,31484.5,57729.5,15186.0,2.0
100337,Cash loans,M,N,251165,373356,7583,-12375,-5002,0,0,311266.0,292585.0,2.0,0.0,0.0,0.0,0.0
100338,Revolving loans,F,N,273662,196470,14889,-19567,-3433,2,0,218175.0,282798.0,3.0,0.0,0.0,0.0,0.0
100339,Revolving loans,M,N,196472,170030,30413,-23902,-4693,1,0,434741.0,155658.0,3.0,15100.5,46402.5,45570.0,4.0
100340,Cash loans,M,Y,241760,368647,15275,-17904,-5344,3,0,110079.0,144328.0,2.0,25628.5,39154.5,16961.0,2.0
100341,Revolving loans,F,N,152744,449854,5461,-22674,-3340,2,0,91072.0,81899.0,1.0,27610.0,41735.0,8744.0,1.0
100342,Cash loans,M,Y,235763,56570,17291,-13561,-3789,1,0,284848.0,321346.0,3.0,19889.0,40461.5,21705.0,2.0
100343,Revolving loans,M,Y,73001,380929,14435,-15913,-4091,0,0,363194.0,269182.0,2.0,24044.5,21241.0,24437.0,2.0
100344,Cash loans,M,Y,97364,59110,30935,-18584,-2270,1,1,286760.0,273520.0,3.0,37730.5,48258.5,47929.0,4.0
100345,Cash loans,M,Y,268506,129141,36453,-18020,-3954,0,0,212053.0,254897.0,3.0,5498.0,37936.0,32574.0,2.0
100346,Cash loans,F,Y,258731,62115,21544,-18237,-2838,1,0,57116.0,41115.0,1.0,38640.0,10206.0,3083.0,1.0
100347,Revolving loans,F,Y,161878,89062,15258,-23326,-4860,2,0,0.0,0.0,0.0,0.0,0.0,0.0,0.0
100348,Revolving loans,M,N,217710,335055,33841,-13899,-15,0,0,103322.0,61554.0,1.0,21177.0,11780.0,17805.0,1.0
100349,Cash loans,F,Y,158301,154061,13736,-17050,-5734,2,0,340719.0,111603.0,2.0,0.0,0.0,0.0,0.0
100350,Revolving loans,M,N,190829,344700,37964,-15878,-4155,2,0,94235.0,161329.0,2.0,0.0,0.0,0.0,0.0
100351,Cash loans,F,N,64636,440479,31044,-12424,-4292,0,0,0.0,0.0,0.0,0.0,0.0,0.0,0.0
100352,Cash loans,M,Y,241169,51969,18997,-16085,-2370,0,0,0.0,0.0,0.0,15985.5,50655.5,2998.0,2.0
100353,Revolving loans,M,N,209352,355897,17215,-13868,-2789,3,0,0.0,0.0,0.0,32624.0,48744.0,1384.0,1.0
100354,Revolving loans,M,N,223283,447686,36069,-10393,-3707,3,0,561531.0,279627.0,4.0,17064.0,77012.0,19184.0,1.0
100355,Cash loans,M,N,275596,171863,26911,-18951,-2268,3,1,241483.0,40286.0,2.0,15835.0,51835.0,6683.0,1.0
100356,Revolving loans,M,N,91665,322369,20030,-23911,-2171,2,0,169322.0,222985.0,2.0,15248.0,59054.666666666664,32231.0,3.0
100357,Revolving loans,M,Y,276584,173008,32334,-20422,-4490,2,0,197679.0,73181.0,1.0,33791.333333333336,31753.333333333332,50647.0,3.0
100358,Cash loans,F,N,146953,204268,17571,-15873,-5525,3,0,213707.0,216809.0,2.0,18499.0,31274.333333333332,29165.0,3.0
100359,Cash loans,M,Y,188448,155823,31927,-14513,-5024,2,0,167390.0,119483.0,2.0,20339.5,17555.0,21237.0,2.0
100360,Revolving loans,F,N,216626,325813,23714,-24845,-4793,2,0,0.0,0.0,0.0,565.0,59892.0,6278.0,1.0
100361,Cash loans,M,N,175271,480596,26387,-15738,-861,0,0,0.0,0.0,0.0,26839.5,57136.0,23680.0,2.0
100362,Cash loans,F,Y,148533,436542,31444,-23042,-4040,0,0,0.0,0.0,0.0,28342.25,41434.0,45618.0,4.0
100363,Revolving loans,F,N,103781,160677,22921,-14307,-5443,2,0,343932.0,240377.0,3.0,30177.0,11212.0,16158.0,1.0
100364,Cash loans,F,N,96262,296958,16057,-18656,-887,3,0,162988.0,175283.0,2.0,0.0,0.0,0.0,0.0
100365,Cash loans,M,N,106898,98320,27858,-19221,-299,1,0,167979.0,95273.0,2.0,23726.0,68072.0,12993.0,2.0
100366,Revolving loans,M,Y,179369,490630,29062,-12589,-5118,3,0,130872.0,145531.0,2.0,0.0,0.0,0.0,0.0
100367,Revolving loans,F,N,60448,196649,39850,-18856,-3806,1,0,27504.0,57913.0,1.0,30643.5,46195.0,10734.0,2.0
100368,Cash loans,M,Y,37657,175354,23567,-19937,-1239,3,0,265463.0,149746.0,2.0,31439.5,24158.0,50750.0,4.0
100369,Cash loans,F,N,286689,138009,32739,-21170,-3333,0,1,37152.0,12404.0,1.0,0.0,0.0,0.0,0.0
100370,Revolving loans,M,Y,189903,307437,6754,-15954,-133,2,1,702190.0,358017.0,5.0,23195.0,71433.0,3514.0,1.0
100371,Revolving loans,F,Y,37906,498625,30044,-16169,-1041,2,0,0.0,0.0,0.0,0.0,0.0,0.0,0.0
100372,Revolving loans,F,N,84028,78625,4724,-14570,-1323,0,0,50156.0,129207.0,1.0,0.0,0.0,0.0,0.0
100373,Revolving loans,M,N,299431,262112,4376,-15206,-1210,1,0,0.0,0.0,0.0,2586.0,5694.0,6976.0,1.0
100374,Cash loans,F,Y,220792,336233,11706,-18341,-653,1,1,363555.0,462381.0,5.0,17112.5,43381.5,14304.0,2.0
100375,Revolving loans,M,Y,132979,86487,11894,-24559,-4390,1,1,265064.0,177482.0,2.0,34568.0,14399.0,16059.0,1.0
100376,Revolving loans,F,N,64701,278071,21037,-18960,-2512,0,0,0.0,0.0,0.0,38314.0,14422.0,7813.0,1.0
100377,Cash loans,F,Y,113300,422592,21450,-10874,-665,1,0,34670.0,146800.0,1.0,28008.666666666668,47056.0,21921.0,3.0
100378,Revolving loans,M,N,271249,362282,19406,-19075,-3546,0,0,0.0,0.0,0.0,41935.5,34910.0,6170.0,2.0
100379,Cash loans,M,N,178746,223895,32725,-10522,-1506,3,0,122925.0,77511.0,1.0,12334.0,50468.0,11672.0,1.0
100380,Revolving loans,M,N,113560,480424,8926,-17642,-4054,3,0,249484.0,7776.0,2.0,35690.0,32206.0,3148.0,1.0
100381,Revolving loans,F,N,272615,366205,12496,-20372,-1190,0,1,0.0,0.0,0.0,19711.0,64774.0,30701.0,3.0
100382,Revolving loans,M,Y,73642,473875,39068,-18630,-1201,2,0,484311.0,295153.0,5.0,0.0,0.0,0.0,0.0
100383,Cash loans,F,N,118801,151376,32806,-15472,-3192,3,0,210506.0,136551.0,2.0,35453.0,48626.0,17798.0,1.0
100384,Cash loans,F,Y,124377,475106,25663,-13108,-2175,1,1,80327.0,146241.0,2.0,29508.0,47718.0,18899.0,1.0
100385,Revolving loans,M,N,111121,391278,39495,-24052,-2464,0,0,141668.0,71101.0,1.0,32140.0,30104.0,3718.0,1.0
100386,Cash loans,M,Y,55559,359199,25656,-13435,-190,1,0,310360.0,232587.0,3.0,30782.0,56690.0,13388.0,1.0
100387,Cash loans,F,N,63742,293341,28860,-16821,-2198,1,0,605744.0,259343.0,4.0,24722.0,66480.0,7358.0,1.0
100388,Cash loans,F,Y,182826,331652,19832,-18885,-1823,2,0,199215.0,96176.0,1.0,19971.666666666668,68709.66666666667,37870.0,3.0
100389,Cash loans,M,Y,165044,485503,24727,-24541,-1301,1,0,437984.0,223103.0,4.0,10846.0,62811.0,13453.0,1.0
100390,Cash loans,M,N,142217,208056,32545,-17432,-4030,2,0,52922.0,148790.0,1.0,20874.0,73304.0,10638.0,1.0
100391,Cash loans,M,N,71873,160169,5520,-20354,-194,3,0,457366.0,159238.0,3.0,15021.0,41511.0,28831.0,5.0
100392,Revolving loans,M,N,164092,320269,6081,-24608,-2178,0,0,124779.0,134821.0,1.0,0.0,0.0,0.0,0.0
100393,Revolving loans,M,N,116988,86059,37196,-12870,-3181,1,0,214383.0,111256.0,2.0,19708.75,29593.5,56702.0,4.0
100394,Cash loans,F,Y,75648,153409,39735,-23213,-5098,0,0,210772.0,248135.0,3.0,13886.0,45002.0,17700.0,1.0
100395,Revolving loans,F,N,155991,460303,17566,-11868,-5636,1,0,152032.0,114934.0,1.0,26404.75,51166.75,51352.0,4.0
100396,Revolving loans,F,Y,32396,55704,17042,-17626,-1742,0,0,143612.0,117009.0,2.0,15261.0,21571.0,5036.0,1.0
100397,Revolving loans,F,Y,114082,254456,28498,-14551,-2881,1,0,0.0,0.0,0.0,0.0,0.0,0.0,0.0
100398,Revolving loans,M,N,158322,268200,14329,-23862,-3442,1,0,106266.0,142229.0,2.0,0.0,0.0,0.0,0.0
100399,Cash loans,M,Y,162663,161279,34656,-13000,-4137,1,0,246059.0,197403.0,4.0,0.0,0.0,0.0,0.0
100400,Revolving loans,M,Y,41303,208280,5159,-20259,-5885,1,0,249516.0,75653.0,3.0,20821.666666666668,36624.666666666664,45759.0,3.0
100401,Revolving loans,F,Y,191633,168516,22363,-17582,-3616,1,0,369638.0,229695.0,2.0,22512.0,31548.666666666668,32002.0,3.0
100402,Cash loans,F,Y,279690,247096,22033,-18638,-1024,1,0,153344.0,102399.0,1.0,0.0,0.0,0.0,0.0
100403,Cash loans,M,N,289820,483098,13805,-22546,-2065,1,1,111300.0,83021.0,1.0,1754.0,49871.0,9304.0,1.0
100404,Revolving loans,M,N,129616,469139,38851,-15342,-1065,1,0,287072.0,223252.0,3.0,2401.5,47850.5,19552.0,2.0
100405,Revolving loans,F,N,116231,426188,29832,-21326,-558,1,0,489686.0,311757.0,4.0,0.0,0.0,0.0,0.0
100406,Revolving loans,F,N,299458,282549,16944,-23623,-3510,0,0,252836.0,86834.0,2.0,12856.0,21226.0,4853.0,1.0
100407,Revolving loans,M,Y,49623,79165,22873,-9777,-868,2,0,433909.0,244472.0,4.0,0.0,0.0,0.0,0.0
100408,Revolving loans,M,Y,228747,117203,26928,-18299,-5058,1,0,38302.0,51588.0,1.0,46484.0,54752.0,5789.0,1.0
100409,Revolving loans,F,N,135228,316258,18379,-22403,-4276,2,0,0.0,0.0,0.0,12002.0,59672.0,255.0,1.0
100410,Cash loans,M,N,212828,86321,39751,-24859,-3666,1,0,256559.0,155808.0,2.0,21034.5,35904.0,26005.0,2.0
100411,Revolving loans,M,N,187364,385441,37546,-22341,-3233,1,0,111311.0,9583.0,1.0,0.0,0.0,0.0,0.0
100412,Revolving loans,M,Y,99274,408796,27286,-20404,-4863,0,0,257432.0,269622.0,3.0,20601.0,19481.0,10928.0,1.0
100413,Cash loans,F,N,163541,411448,8110,-15969,-3473,3,0,533665.0,276795.0,3.0,0.0,0.0,0.0,0.0
100414,Cash loans,F,N,83947,295014,15087,-9963,-1883,3,0,158885.0,76050.0,1.0,23233.75,51464.0,50196.0,4.0
100415,Cash loans,F,N,183606,206498,26762,-13190,-2580,0,1,281326.0,127040.0,3.0,0.0,0.0,0.0,0.0
100416,Cash loans,F,Y,224692,67772,20081,-11030,-155,2,0,326231.0,127592.0,2.0,0.0,0.0,0.0,0.0
100417,Revolving loans,F,Y,78874,415898,37947,-19339,-1222,3,0,0.0,0.0,0.0,4382.0,27394.0,10172.0,1.0
100418,Revolving loans,F,Y,79708,315856,12596,-18858,-2094,0,0,97172.0,7435.0,1.0,0.0,0.0,0.0,0.0
100419,Revolving loans,F,Y,104553,444583,21313,-12891,-2363,0,0,71102.0,155109.0,2.0,29672.0,51978.0,7283.0,1.0
100420,Revolving loans,M,Y,98344,288389,4013,-19374,-3047,3,0,92453.0,50281.0,1.0,0.0,0.0,0.0,0.0
100421,Revolving loans,M,Y,215374,165142,26705,-16213,-71,2,0,109774.0,188036.0,3.0,10832.0,46108.0,25182.0,2.0
100422,Revolving loans,M,Y,77638,141736,4828,-14904,-3633,0,0,177409.0,46694.0,1.0,40528.0,27031.333333333332,10717.0,3.0
100423,Cash loans,M,Y,108249,101924,10909,-16528,-1779,1,0,419098.0,530571.0,5.0,0.0,0.0,0.0,0.0
100424,Revolving loans,M,N,32719,53726,16109,-24577,-5724,2,0,124148.0,60748.0,2.0,0.0,0.0,0.0,0.0
100425,Cash loans,M,N,183962,401296,5023,-18001,-4001,2,0,364201.0,281865.0,3.0,352.0,29783.0,12714.0,1.0
100426,Cash loans,M,Y,72534,77723,17537,-12443,-4773,3,1,100027.0,34812.0,1.0,43514.0,23522.5,20220.0,2.0
100427,Revolving loans,F,Y,122241,439113,29661,-20751,-2248,3,0,191662.0,329442.0,3.0,33104.0,39026.666666666664,23782.0,3.0
100428,Cash loans,F,N,156209,284182,36848,-10051,-2265,1,0,59970.0,2637.0,1.0,0.0,0.0,0.0,0.0
100429,Revolving loans,M,Y,219004,412638,18379,-23250,-5305,0,0,193308.0,217127.0,2.0,0.0,0.0,0.0,0.0
100430,Cash loans,M,Y,122124,190180,30766,-20243,-4691,3,0,81396.0,52709.0,1.0,0.0,0.0,0.0,0.0
100431,Revolving loans,F,Y,121659,258786,5563,-23033,-1848,3,0,87203.0,123607.0,1.0,15343.0,38270.0,12436.0,1.0
100432,Cash loans,M,N,194134,85643,39060,-20912,-2766,2,0,698308.0,281546.0,5.0,0.0,0.0,0.0,0.0
100433,Revolving loans,M,N,105713,212396,32197,-20822,-1886,3,0,335324.0,96570.0,4.0,5899.0,19691.0,8640.0,1.0
100434,Revolving loans,F,N,248335,416040,6586,-17211,-3689,3,0,0.0,0.0,0.0,0.0,0.0,0.0,0.0
100435,Revolving loans,M,N,105418,264432,19087,-9718,-3159,3,0,0.0,0.0,0.0,0.0,0.0,0.0,0.0
100436,Revolving loans,F,N,158232,189999,26225,-22054,-1792,3,0,31312.0,64926.0,1.0,0.0,0.0,0.0,0.0
100437,Revolving loans,M,Y,193038,405824,32750,-15359,-2441,2,1,219588.0,70918.0,3.0,39007.5,44005.0,26798.0,2.0
100438,Cash loans,F,N,198383,408690,9643,-19606,-2602,1,0,408183.0,247342.0,3.0,32718.333333333332,27341.333333333332,21925.0,3.0
100439,Cash loans,F,Y,288722,465659,30523,-17120,-5459,1,0,103970.0,84363.0,1.0,11662.0,16036.0,4019.0,1.0
100440,Cash loans,F,Y,162079,129973,39727,-14477,-3306,0,0,168499.0,146115.0,1.0,13092.0,6212.0,10686.0,1.0
100441,Revolving loans,M,N,232053,375593,14005,-19925,-1326,3,0,229919.0,158433.0,2.0,0.0,0.0,0.0,0.0
100442,Cash loans,F,N,106242,159834,3161,-14588,-4912,2,0,105700.0,251250.0,2.0,33754.0,24977.0,14415.0,1.0
100443,Revolving loans,M,Y,208589,286386,19029,-9314,-2637,0,0,37355.0,94455.0,1.0,23006.666666666668,31012.333333333332,28731.0,3.0
100444,Revolving loans,M,Y,59257,337681,17226,-13019,-5976,0,0,76757.0,98557.0,2.0,0.0,0.0,0.0,0.0
100445,Cash loans,M,Y,174353,389720,31731,-17770,-4428,1,0,70679.0,145417.0,1.0,6449.0,76437.0,16944.0,1.0
100446,Cash loans,M,N,293579,157522,6390,-9568,-3042,2,0,249121.0,78624.0,2.0,20684.0,36153.0,15929.0,1.0
100447,Revolving loans,F,N,259947,72612,8997,-13998,-332,2,0,154172.0,71743.0,1.0,765.0,65096.0,588.0,1.0
100448,Cash loans,F,N,261758,275049,15693,-11053,-1764,2,0,0.0,0.0,0.0,29318.5,47339.0,32063.0,2.0
100449,Revolving loans,M,N,121357,318615,3541,-11314,-4233,1,0,199675.0,202085.0,3.0,39657.0,71770.0,5067.0,1.0
100450,Revolving loans,M,N,187732,216703,24817,-12080,-1257,1,0,376107.0,179223.0,3.0,0.0,0.0,0.0,0.0
100451,Revolving loans,F,Y,233667,290069,16428,-23469,-3765,1,0,0.0,0.0,0.0,26325.0,23344.0,4747.0,1.0
100452,Revolving loans,M,N,113807,273131,13258,-11926,-5800,1,0,62204.0,61720.0,1.0,11254.0,60918.0,13665.0,1.0
100453,Revolving loans,F,Y,168563,81348,19044,-22010,-2802,1,0,0.0,0.0,0.0,35760.0,34918.666666666664,29139.0,3.0
100454,Cash loans,M,Y,288778,245804,32411,-17845,-5744,3,0,149401.0,52797.0,1.0,24044.6,36292.2,48174.0,5.0
100455,Cash loans,M,Y,211264,313321,8469,-20507,-2253,3,0,359099.0,247629.0,2.0,30783.5,42553.5,32478.0,2.0
100456,Revolving loans,F,N,103609,185832,31854,-15665,-1358,2,0,0.0,0.0,0.0,13984.0,37590.333333333336,40831.0,3.0
100457,Revolving loans,M,N,278512,344923,9256,-24067,-3759,0,0,293637.0,35852.0,2.0,0.0,0.0,0.0,0.0
100458,Cash loans,F,N,283973,333780,13720,-23540,-2825,2,0,248408.0,141506.0,2.0,0.0,0.0,0.0,0.0
100459,Cash loans,M,Y,184893,131889,36937,-10860,-2394,0,0,460673.0,188693.0,3.0,35434.0,47464.0,6783.0,1.0
100460,Revolving loans,M,Y,145374,103551,36598,-22277,-2664,1,1,160495.0,172628.0,2.0,0.0,0.0,0.0,0.0
100461,Cash loans,M,Y,54860,454772,4651,-9729,-1103,0,1,270071.0,80542.0,2.0,39477.0,65261.0,19199.0,1.0
100462,Revolving loans,F,Y,182267,470814,22194,-14296,-963,2,0,97030.0,180104.0,2.0,23060.5,45731.0,11368.0,2.0
100463,Cash loans,M,Y,107475,192635,28051,-24715,-5587,2,0,155056.0,75118.0,1.0,12779.0,59711.0,13345.0,1.0
100464,Revolving loans,M,Y,182499,96819,30386,-24736,-3986,0,0,193812.0,174462.0,2.0,16150.0,48094.0,8974.0,1.0
100465,Cash loans,M,N,248118,385914,12518,-14441,-4619,3,0,0.0,0.0,0.0,35192.0,25720.5,27457.0,2.0
100466,Revolving loans,M,N,153786,470182,19184,-18184,-4902,1,1,113491.0,157732.0,2.0,14267.0,69226.0,2729.0,1.0
100467,Cash loans,F,N,37813,262781,36787,-13361,-2574,1,0,197376.0,138439.0,1.0,23957.0,70206.0,2845.0,1.0
100468,Cash loans,F,N,61598,208059,24621,-9845,-2345,2,0,244053.0,228664.0,2.0,0.0,0.0,0.0,0.0
100469,Revolving loans,M,Y,287951,390858,13028,-10576,-5091,3,1,91988.0,118888.0,1.0,0.0,0.0,0.0,0.0
100470,Cash loans,F,Y,123106,239420,15448,-11035,-5813,0,0,392700.0,194927.0,3.0,17290.0,63382.0,17753.0,1.0
100471,Revolving loans,M,N,257286,74596,37051,-11486,-1956,1,0,417816.0,186117.0,3.0,45371.0,34204.0,17045.0,1.0
100472,Cash loans,M,Y,41745,476390,33447,-11892,-2244,3,1,13433.0,1620.0,1.0,33838.0,67404.5,34389.0,2.0
100473,Revolving loans,M,N,174097,376250,21394,-23238,-3985,1,0,218072.0,124193.0,2.0,0.0,0.0,0.0,0.0
100474,Cash loans,F,N,262732,109182,37501,-13760,-591,3,0,0.0,0.0,0.0,25818.0,63481.0,13342.0,1.0
100475,Revolving loans,F,N,175360,399307,33254,-14427,-3908,3,0,159672.0,14016.0,1.0,0.0,0.0,0.0,0.0
100476,Cash loans,F,Y,119186,351454,21509,-14539,-2356,2,0,0.0,0.0,0.0,31968.6,45488.8,33439.0,5.0
100477,Revolving loans,F,N,243030,368232,17472,-24960,-3870,1,0,173065.0,102877.0,1.0,0.0,0.0,0.0,0.0
100478,Cash loans,F,N,229950,178803,6471,-19173,-758,0,0,276016.0,307403.0,3.0,0.0,0.0,0.0,0.0
100479,Revolving loans,F,N,71846,189978,33268,-16741,-5643,2,1,684840.0,589492.0,6.0,36302.0,58664.0,4857.0,1.0
100480,Revolving loans,F,Y,178554,349058,11329,-24013,-353,2,0,429075.0,233136.0,4.0,45656.0,9833.0,8775.0,1.0
100481,Revolving loans,F,Y,82930,422494,37865,-10913,-815,0,0,118428.0,149001.0,1.0,0.0,0.0,0.0,0.0
100482,Cash loans,F,N,278656,95379,31272,-10151,-224,2,0,0.0,0.0,0.0,36870.0,48554.0,19033.0,1.0
100483,Revolving loans,M,Y,274459,295900,9397,-17196,-3578,3,0,0.0,0.0,0.0,42029.0,43034.0,17107.0,1.0
100484,Cash loans,F,Y,254695,308517,35373,-17211,-1743,3,0,290041.0,291415.0,3.0,20606.0,56205.5,20388.0,2.0
100485,Revolving loans,F,Y,83268,480866,38525,-19283,-1455,1,0,385012.0,214177.0,3.0,0.0,0.0,0.0,0.0
100486,Cash loans,F,Y,242943,490097,27570,-12800,-4503,1,0,236528.0,26776.0,2.0,26785.0,34217.0,28145.0,2.0
100487,Revolving loans,F,Y,288916,358557,21284,-11057,-868,0,0,100965.0,21576.0,1.0,0.0,0.0,0.0,0.0
100488,Cash loans,F,Y,214403,187084,21994,-21802,-3842,1,0,54589.0,29661.0,1.0,24642.0,7106.0,8237.0,2.0
100489,Cash loans,F,Y,78901,231187,26284,-19626,-3445,3,0,263509.0,151278.0,2.0,6131.0,75819.0,3428.0,1.0
100490,Revolving loans,F,Y,224488,319295,20833,-20210,-591,0,0,0.0,0.0,0.0,15545.0,74519.0,5097.0,1.0
100491,Cash loans,F,Y,193268,107716,28122,-17817,-3658,0,0,191720.0,85657.0,1.0,0.0,0.0,0.0,0.0
100492,Cash loans,F,Y,297770,405891,8017,-22476,-3049,1,0,163901.0,113451.0,1.0,10585.0,44159.0,8252.0,1.0
100493,Revolving loans,F,N,168496,273725,19370,-15723,-4762,3,0,124693.0,57428.0,2.0,38699.0,22118.0,1750.0,1.0
100494,Cash loans,F,N,271531,217450,32252,-9784,-5027,0,0,0.0,0.0,0.0,0.0,0.0,0.0,0.0
100495,Cash loans,M,Y,276693,223724,10999,-22521,-1273,3,0,0.0,0.0,0.0,0.0,0.0,0.0,0.0
100496,Cash loans,M,N,209362,253502,25436,-15115,-2035,3,0,163711.0,47873.0,2.0,0.0,0.0,0.0,0.0
100497,Revolving loans,F,N,56431,194539,5096,-14493,-314,3,0,349865.0,169024.0,2.0,14728.0,6756.0,17494.0,1.0
100498,Cash loans,F,Y,268360,474226,28279,-19846,-4950,1,0,249057.0,162274.0,2.0,2107.0,25054.0,16320.0,1.0
100499,Revolving loans,M,Y,56385,171999,29201,-24222,-2299,2,0,391906.0,164834.0,3.0,27939.0,69680.0,6277.0,1.0
